suite,task,optimizer,trial_index,hyperparameters,mean_final_val_loss,mean_best_val_loss,mean_final_val_accuracy,mean_best_val_accuracy,mean_steps_to_target_loss,mean_steps_to_target_accuracy,mean_runtime_seconds,loss_variance,divergence_rate,selection_score
tuning,oscillatory_valley,coherent_momentum_physical_baseline,1,"{""energy_correction_strength"": 0.15, ""energy_decay"": 0.95, ""friction"": 0.08, ""lr"": 0.001, ""max_scale"": 1.35, ""min_scale"": 0.55, ""momentum_coupling"": 0.25, ""oscillation_damping"": 0.2, ""weight_decay"": 0.0001}",-0.03348430494467417,-0.033484319845835366,,,364.0,,0.7154045276499043,1.0530764262169612,0.0,-0.01916950146501269
tuning,oscillatory_valley,coherent_momentum_physical_baseline,2,"{""energy_correction_strength"": 0.15, ""energy_decay"": 0.9, ""friction"": 0.02, ""lr"": 0.001, ""max_scale"": 1.35, ""min_scale"": 0.55, ""momentum_coupling"": 0.25, ""oscillation_damping"": 0.2, ""weight_decay"": 0.0}",-0.044240906834602356,-0.04424091180165609,,,364.0,,0.5972849029737214,1.0392143693370277,0.0,-0.007719806665195311
tuning,oscillatory_valley,coherent_momentum_physical_baseline,3,"{""energy_correction_strength"": 0.3, ""energy_decay"": 0.95, ""friction"": 0.08, ""lr"": 0.003, ""max_scale"": 1.35, ""min_scale"": 0.55, ""momentum_coupling"": 0.0, ""oscillation_damping"": 0.2, ""weight_decay"": 0.0001}",-0.07113394637902577,-0.0711339662472407,,,242.66666666666666,,0.5368876249607032,0.5795428537454442,0.0,0.04215682355996849
tuning,oscillatory_valley,coherent_momentum_physical_baseline,4,"{""energy_correction_strength"": 0.15, ""energy_decay"": 0.9, ""friction"": 0.15, ""lr"": 0.001, ""max_scale"": 1.35, ""min_scale"": 0.55, ""momentum_coupling"": 0.25, ""oscillation_damping"": 0.0, ""weight_decay"": 0.0001}",-0.01719290514787038,-0.01719290514787038,,,392.0,,0.5503701113630086,1.0644955302173675,0.0,-0.03603187136299801
tuning,oscillatory_valley,coherent_momentum_real_baseline,1,"{""adaptive_mass_trust"": 0.08, ""betas"": [0.9, 0.999], ""drift_threshold"": 0.035, ""energy_correction_strength"": 0.07, ""fixed_mass"": 1.0, ""friction"": 0.035, ""lr"": 0.02, ""mass_alignment_strength"": 0.25, ""mass_anisotropy_cap"": 1.6, ""mass_change_cap"": 1.05, ""mass_mode"": ""adaptive"", ""mass_shock_penalty"": 1.4, ""mass_smoothing"": 0.985, ""mass_warmup_steps"": 40, ""max_energy_correction"": 0.16, ""max_inverse_mass"": 1.45, ""min_inverse_mass"": 0.55, ""mode"": ""dissipative_hamiltonian"", ""relative_energy_floor"": 0.1, ""use_adam_preconditioning"": true, ""use_decoupled_weight_decay"": true, ""use_energy_correction"": true, ""use_friction"": true, ""weight_decay"": 0.0001}",0.38983648518721264,0.0547399694720904,,,224.0,,1.360677763974915,0.6811090363894331,0.0,-0.08879542129156208
tuning,oscillatory_valley,coherent_momentum_real_baseline,2,"{""adaptive_mass_trust"": 0.15, ""betas"": [0.9, 0.999], ""drift_threshold"": 0.035, ""energy_correction_strength"": 0.0, ""fixed_mass"": 1.0, ""friction"": 0.0, ""lr"": 0.02, ""mass_alignment_strength"": 0.25, ""mass_anisotropy_cap"": 1.8, ""mass_change_cap"": 1.05, ""mass_mode"": ""fixed"", ""mass_shock_penalty"": 1.4, ""mass_smoothing"": 0.95, ""mass_warmup_steps"": 32, ""max_energy_correction"": 0.16, ""max_inverse_mass"": 1.45, ""min_inverse_mass"": 0.5, ""mode"": ""symplectic_euler"", ""relative_energy_floor"": 0.1, ""use_adam_preconditioning"": true, ""use_decoupled_weight_decay"": true, ""use_energy_correction"": true, ""use_friction"": true, ""weight_decay"": 0.001}",0.5068838546673456,-0.22766289611657461,,,560.0,,0.7127946810020754,1.4880142551065532,0.0,0.15326218336124695
tuning,oscillatory_valley,coherent_momentum_real_baseline,3,"{""adaptive_mass_trust"": 0.04, ""betas"": [0.9, 0.999], ""drift_threshold"": 0.02, ""energy_correction_strength"": 0.0, ""fixed_mass"": 1.0, ""friction"": 0.0, ""lr"": 0.01, ""mass_alignment_strength"": 0.0, ""mass_anisotropy_cap"": 2.4, ""mass_change_cap"": 1.03, ""mass_mode"": ""fixed"", ""mass_shock_penalty"": 1.8, ""mass_smoothing"": 0.95, ""mass_warmup_steps"": 16, ""max_energy_correction"": 0.16, ""max_inverse_mass"": 1.7, ""min_inverse_mass"": 0.55, ""mode"": ""adam_preconditioned_hamiltonian"", ""relative_energy_floor"": 0.1, ""use_adam_preconditioning"": true, ""use_decoupled_weight_decay"": true, ""use_energy_correction"": true, ""use_friction"": true, ""weight_decay"": 0.001}",2.0268383423487344,-0.08787295718987782,,,653.3333333333334,,1.1210989026585594,1.5396284901840886,0.0,0.010891532680673388
tuning,oscillatory_valley,coherent_momentum_real_baseline,4,"{""adaptive_mass_trust"": 0.15, ""betas"": [0.9, 0.99], ""drift_threshold"": 0.035, ""energy_correction_strength"": 0.07, ""fixed_mass"": 0.75, ""friction"": 0.0, ""lr"": 0.02, ""mass_alignment_strength"": 0.0, ""mass_anisotropy_cap"": 1.8, ""mass_change_cap"": 1.03, ""mass_mode"": ""adaptive"", ""mass_shock_penalty"": 1.4, ""mass_smoothing"": 0.95, ""mass_warmup_steps"": 32, ""max_energy_correction"": 0.16, ""max_inverse_mass"": 1.25, ""min_inverse_mass"": 0.65, ""mode"": ""symplectic_euler"", ""relative_energy_floor"": 0.1, ""use_adam_preconditioning"": true, ""use_decoupled_weight_decay"": true, ""use_energy_correction"": true, ""use_friction"": true, ""weight_decay"": 0.001}",2.751048743724823,0.1087395151456197,,,476.0,,0.9802722496679053,1.5082749310631371,0.0,-0.18415326169877658
tuning,oscillatory_valley,adam,1,"{""lr"": 0.001, ""weight_decay"": 0.0}",-0.045038764675458275,-0.045038769642512,,,364.0,,0.37243015264781815,1.0459571751730932,0.0,-0.007259089116142666
tuning,oscillatory_valley,adam,2,"{""lr"": 0.0005, ""weight_decay"": 0.0}",0.24961159626642862,0.24961159626642862,,,672.0,,0.3673807916541894,0.9476054014966447,0.0,-0.2969918663412609
tuning,oscillatory_valley,adam,3,"{""lr"": 0.001, ""weight_decay"": 0.001}",-0.04507670054833094,-0.045076705515384674,,,364.0,,0.3680562916755055,1.0459831247568052,0.0,-0.007222450722455577
tuning,oscillatory_valley,adam,4,"{""lr"": 0.001, ""weight_decay"": 0.0001}",-0.04504247506459554,-0.04504247506459554,,,364.0,,0.3569489859122162,1.04595973602765,0.0,-0.007255511736786957
tuning,oscillatory_valley,adamw,1,"{""lr"": 0.001, ""weight_decay"": 0.0001}",-0.04506738235553106,-0.045067387322584786,,,364.0,,0.36662545800209045,1.0459517207012439,0.0,-0.007230198712477404
tuning,oscillatory_valley,adamw,2,"{""lr"": 0.0005, ""weight_decay"": 0.0001}",0.24952470262845358,0.24952470262845358,,,672.0,,0.35663288936484605,0.9476671315088492,0.0,-0.29690805920389607
tuning,oscillatory_valley,adamw,3,"{""lr"": 0.0005, ""weight_decay"": 0.0}",0.24961159626642862,0.24961159626642862,,,672.0,,0.3522751669709881,0.9476054014966447,0.0,-0.2969918663412609
tuning,oscillatory_valley,adamw,4,"{""lr"": 0.001, ""weight_decay"": 0.001}",-0.04528453201055527,-0.04528454194466273,,,364.0,,0.3566134302721669,1.0459329566914333,0.0,-0.007012105889908925
tuning,oscillatory_valley,rmsprop,1,"{""alpha"": 0.99, ""lr"": 0.005, ""momentum"": 0.0, ""weight_decay"": 0.0}",-0.07104363044102986,-0.07113397121429443,,,74.66666666666667,,0.31011343068288016,0.08130924045195613,0.0,0.06706850919169662
tuning,oscillatory_valley,rmsprop,2,"{""alpha"": 0.95, ""lr"": 0.002, ""momentum"": 0.0, ""weight_decay"": 0.0001}",-0.07111593087514241,-0.07113340497016907,,,224.0,,0.3115217633312568,0.5713791431413178,0.0,0.04256444781310318
tuning,oscillatory_valley,rmsprop,3,"{""alpha"": 0.95, ""lr"": 0.01, ""momentum"": 0.0, ""weight_decay"": 0.0}",-0.07068068285783131,-0.07113395134607951,,,74.66666666666667,,0.30921249999664724,0.08598850641708772,0.0,0.06683452602522512
tuning,oscillatory_valley,rmsprop,4,"{""alpha"": 0.99, ""lr"": 0.005, ""momentum"": 0.0, ""weight_decay"": 0.0001}",-0.07100356618563335,-0.07113399108250935,,,74.66666666666667,,0.3149807636703675,0.08130918323346752,0.0,0.06706853192083599
tuning,oscillatory_valley,sgd_momentum,1,"{""lr"": 0.03, ""momentum"": 0.9, ""nesterov"": false, ""weight_decay"": 0.0}",-0.0711339811484019,-0.07113398611545563,,,56.0,,0.2931125966909652,0.0338707322022082,0.0,0.06944044950534521
tuning,oscillatory_valley,sgd_momentum,2,"{""lr"": 0.03, ""momentum"": 0.85, ""nesterov"": false, ""weight_decay"": 0.0}",-0.0711339811484019,-0.0711339811484019,,,56.0,,0.2934665553426991,0.024133317769792478,0.0,0.06992731525991228
tuning,oscillatory_valley,sgd_momentum,3,"{""lr"": 0.08, ""momentum"": 0.85, ""nesterov"": false, ""weight_decay"": 0.0}",-0.07113397121429443,-0.0711339811484019,,,56.0,,0.29409373602053773,0.04015113773514671,0.0,0.06912642426164456
tuning,oscillatory_valley,sgd_momentum,4,"{""lr"": 0.015, ""momentum"": 0.85, ""nesterov"": false, ""weight_decay"": 0.001}",-0.07113393644491832,-0.07113394141197205,,,56.0,,0.2987136389904966,0.023508573145591075,0.0,0.06995851275469249
tuning,oscillatory_valley,lion,1,"{""lr"": 0.0005, ""weight_decay"": 0.0}",0.049838696916898094,0.049838696916898094,,,560.0,,0.28588655528922874,1.1825615134506267,0.0,-0.10896677258942943
tuning,oscillatory_valley,lion,2,"{""lr"": 0.0005, ""weight_decay"": 0.001}",0.04957292973995209,0.04957291980584463,,,560.0,,0.287796250040022,1.1827570651846713,0.0,-0.1087107730650782
tuning,oscillatory_valley,lion,3,"{""lr"": 0.001, ""weight_decay"": 0.0001}",-0.0708239624897639,-0.07082401216030121,,,485.3333333333333,,0.2893663609866053,1.1073026930781056,0.0,0.015458877506395926
tuning,oscillatory_valley,lion,4,"{""lr"": 0.001, ""weight_decay"": 0.001}",-0.07084949314594269,-0.07085438072681427,,,485.3333333333333,,0.2890252500073984,1.1070626308089822,0.0,0.01550124918636516
tuning,oscillatory_valley,topological_adam,1,"{""deterministic_init"": true, ""eta"": 0.03, ""lr"": 0.001, ""max_topo_ratio"": 0.05, ""target_energy"": 0.001, ""w_topo"": 0.08}",-0.04435503979523977,-0.04435503979523977,,,364.0,,0.637128111324273,1.0452411350646373,0.0,-0.00790701695799211
tuning,oscillatory_valley,topological_adam,2,"{""deterministic_init"": true, ""eta"": 0.03, ""lr"": 0.0005, ""max_topo_ratio"": 0.1, ""target_energy"": 0.002, ""w_topo"": 0.08}",0.25183897217114765,0.25183897217114765,,,672.0,,0.6300962366707002,0.9457541628018568,0.0,-0.2991266803112405
tuning,oscillatory_valley,topological_adam,3,"{""deterministic_init"": true, ""eta"": 0.03, ""lr"": 0.0005, ""max_topo_ratio"": 0.02, ""target_energy"": 0.002, ""w_topo"": 0.08}",0.2501462399959564,0.2501462399959564,,,672.0,,0.6304887496711066,0.9472025090321353,0.0,-0.2975063654475632
tuning,oscillatory_valley,topological_adam,4,"{""deterministic_init"": true, ""eta"": 0.05, ""lr"": 0.001, ""max_topo_ratio"": 0.1, ""target_energy"": 0.001, ""w_topo"": 0.08}",-0.04386549194653829,-0.04386549194653829,,,364.0,,0.6310866109561175,1.044534676842664,0.0,-0.008361241895594923
tuning,small_batch_instability,coherent_momentum_physical_baseline,1,"{""energy_correction_strength"": 0.15, ""energy_decay"": 0.95, ""friction"": 0.08, ""lr"": 0.001, ""max_scale"": 1.35, ""min_scale"": 0.55, ""momentum_coupling"": 0.25, ""oscillation_damping"": 0.2, ""weight_decay"": 0.0001}",0.4187559336423874,0.41859560708204907,0.8556910653909048,0.8635035554567972,600.0,306.6666666666667,1.4360494163120165,0.015908556557006067,0.0,0.8208485669207422
tuning,small_batch_instability,coherent_momentum_physical_baseline,2,"{""energy_correction_strength"": 0.15, ""energy_decay"": 0.9, ""friction"": 0.02, ""lr"": 0.001, ""max_scale"": 1.35, ""min_scale"": 0.55, ""momentum_coupling"": 0.25, ""oscillation_damping"": 0.2, ""weight_decay"": 0.0}",0.41099133094151813,0.4106854200363159,0.853086898724238,0.8675686021645864,600.0,306.6666666666667,1.413452916390573,0.017835826825611134,0.0,0.8256082688196743
tuning,small_batch_instability,coherent_momentum_physical_baseline,3,"{""energy_correction_strength"": 0.3, ""energy_decay"": 0.95, ""friction"": 0.08, ""lr"": 0.003, ""max_scale"": 1.35, ""min_scale"": 0.55, ""momentum_coupling"": 0.0, ""oscillation_damping"": 0.2, ""weight_decay"": 0.0001}",0.39005087812741596,0.3800375411907832,0.8434959352016449,0.8734121024608612,360.0,120.0,1.4324853746608521,0.040728801331188606,0.0,0.8333719082752234
tuning,small_batch_instability,coherent_momentum_physical_baseline,4,"{""energy_correction_strength"": 0.15, ""energy_decay"": 0.9, ""friction"": 0.15, ""lr"": 0.001, ""max_scale"": 1.35, ""min_scale"": 0.55, ""momentum_coupling"": 0.25, ""oscillation_damping"": 0.0, ""weight_decay"": 0.0001}",0.426620418826739,0.426620418826739,0.853086898724238,0.8608993887901306,620.0,306.6666666666667,1.4352054999908432,0.01426216052604419,0.0,0.8175242388811546
tuning,small_batch_instability,coherent_momentum_real_baseline,1,"{""adaptive_mass_trust"": 0.08, ""betas"": [0.9, 0.999], ""drift_threshold"": 0.035, ""energy_correction_strength"": 0.07, ""fixed_mass"": 1.0, ""friction"": 0.035, ""lr"": 0.02, ""mass_alignment_strength"": 0.25, ""mass_anisotropy_cap"": 1.6, ""mass_change_cap"": 1.05, ""mass_mode"": ""adaptive"", ""mass_shock_penalty"": 1.4, ""mass_smoothing"": 0.985, ""mass_warmup_steps"": 40, ""max_energy_correction"": 0.16, ""max_inverse_mass"": 1.45, ""min_inverse_mass"": 0.55, ""mode"": ""dissipative_hamiltonian"", ""relative_energy_floor"": 0.1, ""use_adam_preconditioning"": true, ""use_decoupled_weight_decay"": true, ""use_energy_correction"": true, ""use_friction"": true, ""weight_decay"": 0.0001}",0.39450375735759735,0.38883321980635327,0.8461001018683115,0.866107722123464,440.0,306.6666666666667,3.276534139023473,0.030858785354710257,0.0,0.8256814608750931
tuning,small_batch_instability,coherent_momentum_real_baseline,2,"{""adaptive_mass_trust"": 0.15, ""betas"": [0.9, 0.999], ""drift_threshold"": 0.035, ""energy_correction_strength"": 0.0, ""fixed_mass"": 1.0, ""friction"": 0.0, ""lr"": 0.02, ""mass_alignment_strength"": 0.25, ""mass_anisotropy_cap"": 1.8, ""mass_change_cap"": 1.05, ""mass_mode"": ""fixed"", ""mass_shock_penalty"": 1.4, ""mass_smoothing"": 0.95, ""mass_warmup_steps"": 32, ""max_energy_correction"": 0.16, ""max_inverse_mass"": 1.45, ""min_inverse_mass"": 0.5, ""mode"": ""symplectic_euler"", ""relative_energy_floor"": 0.1, ""use_adam_preconditioning"": true, ""use_decoupled_weight_decay"": true, ""use_energy_correction"": true, ""use_friction"": true, ""weight_decay"": 0.001}",0.5773066580295563,0.3997744172811508,0.8397484719753265,0.8713160554567972,380.0,280.0,1.4599308753774192,0.078252655351786,0.0,0.827425980961093
tuning,small_batch_instability,coherent_momentum_real_baseline,3,"{""adaptive_mass_trust"": 0.04, ""betas"": [0.9, 0.999], ""drift_threshold"": 0.02, ""energy_correction_strength"": 0.0, ""fixed_mass"": 1.0, ""friction"": 0.0, ""lr"": 0.01, ""mass_alignment_strength"": 0.0, ""mass_anisotropy_cap"": 2.4, ""mass_change_cap"": 1.03, ""mass_mode"": ""fixed"", ""mass_shock_penalty"": 1.8, ""mass_smoothing"": 0.95, ""mass_warmup_steps"": 16, ""max_energy_correction"": 0.16, ""max_inverse_mass"": 1.7, ""min_inverse_mass"": 0.55, ""mode"": ""adam_preconditioned_hamiltonian"", ""relative_energy_floor"": 0.1, ""use_adam_preconditioning"": true, ""use_decoupled_weight_decay"": true, ""use_energy_correction"": true, ""use_friction"": true, ""weight_decay"": 0.001}",0.4816766232252121,0.4816766232252121,0.8386051853497823,0.8386051853497823,,546.6666666666666,2.420140389353037,0.0069386573788107015,0.0,0.7900905901583206
tuning,small_batch_instability,coherent_momentum_real_baseline,4,"{""adaptive_mass_trust"": 0.15, ""betas"": [0.9, 0.99], ""drift_threshold"": 0.035, ""energy_correction_strength"": 0.07, ""fixed_mass"": 0.75, ""friction"": 0.0, ""lr"": 0.02, ""mass_alignment_strength"": 0.0, ""mass_anisotropy_cap"": 1.8, ""mass_change_cap"": 1.03, ""mass_mode"": ""adaptive"", ""mass_shock_penalty"": 1.4, ""mass_smoothing"": 0.95, ""mass_warmup_steps"": 32, ""max_energy_correction"": 0.16, ""max_inverse_mass"": 1.25, ""min_inverse_mass"": 0.65, ""mode"": ""symplectic_euler"", ""relative_energy_floor"": 0.1, ""use_adam_preconditioning"": true, ""use_decoupled_weight_decay"": true, ""use_energy_correction"": true, ""use_friction"": true, ""weight_decay"": 0.001}",0.5529202421506246,0.389572652677695,0.8194232682387034,0.873920222123464,340.0,266.6666666666667,2.3125950560206547,0.09311507756471403,0.0,0.8303072029774587
tuning,small_batch_instability,adam,1,"{""lr"": 0.001, ""weight_decay"": 0.0}",0.4078347086906433,0.40752168496449787,0.853086898724238,0.8675686021645864,560.0,306.6666666666667,0.8217078329762444,0.01897654550856816,0.0,0.8258676063927082
tuning,small_batch_instability,adam,2,"{""lr"": 0.0005, ""weight_decay"": 0.0}",0.5444352577129999,0.5444352577129999,0.8151676853497823,0.8156758149464926,,453.3333333333333,0.82282995871113,0.00392843188358507,0.0,0.7610358675810133
tuning,small_batch_instability,adam,3,"{""lr"": 0.001, ""weight_decay"": 0.001}",0.4102461983760198,0.4100148379802704,0.853086898724238,0.8675686021645864,600.0,306.6666666666667,0.8357925420083726,0.018201332398215583,0.0,0.8256570517466485
tuning,small_batch_instability,adam,4,"{""lr"": 0.001, ""weight_decay"": 0.0001}",0.4080899804830551,0.40772297978401184,0.853086898724238,0.8675686021645864,560.0,306.6666666666667,0.8384137219982222,0.018913283998764425,0.0,0.825850639986247
tuning,small_batch_instability,adamw,1,"{""lr"": 0.001, ""weight_decay"": 0.0001}",0.4078488101561864,0.4075339039166768,0.853086898724238,0.8675686021645864,560.0,306.6666666666667,0.8390292640154561,0.01897340082407585,0.0,0.8258665417317149
tuning,small_batch_instability,adamw,2,"{""lr"": 0.0005, ""weight_decay"": 0.0001}",0.5444593578577042,0.5444593578577042,0.8151676853497823,0.8156758149464926,,453.3333333333333,0.8369574443592379,0.003927695213104884,0.0,0.7610334944000668
tuning,small_batch_instability,adamw,3,"{""lr"": 0.0005, ""weight_decay"": 0.0}",0.5444352577129999,0.5444352577129999,0.8151676853497823,0.8156758149464926,,453.3333333333333,0.8251122640212998,0.00392843188358507,0.0,0.7610358675810133
tuning,small_batch_instability,adamw,4,"{""lr"": 0.001, ""weight_decay"": 0.001}",0.407988836367925,0.4076557954152425,0.853086898724238,0.8675686021645864,560.0,306.6666666666667,0.8362271666216353,0.018956104908641597,0.0,0.82585521737763
tuning,small_batch_instability,rmsprop,1,"{""alpha"": 0.99, ""lr"": 0.005, ""momentum"": 0.0, ""weight_decay"": 0.0}",0.3975355078776677,0.3852984954913457,0.8516260186831156,0.8742378056049347,80.0,80.0,0.7103480829779679,0.046158394528819126,0.0,0.8334000363293592
tuning,small_batch_instability,rmsprop,2,"{""alpha"": 0.95, ""lr"": 0.002, ""momentum"": 0.0, ""weight_decay"": 0.0001}",0.3933280060688655,0.3879420707623164,0.8594385186831156,0.8748729725678762,300.0,106.66666666666667,0.7939917776966467,0.034362641052025834,0.0,0.8343606334390433
tuning,small_batch_instability,rmsprop,3,"{""alpha"": 0.95, ""lr"": 0.01, ""momentum"": 0.0, ""weight_decay"": 0.0}",0.40050869683424634,0.3804822663466136,0.8623602588971456,0.8730945189793905,80.0,93.33333333333333,0.716124652341629,0.050843926914608574,0.0,0.8325040959989987
tuning,small_batch_instability,rmsprop,4,"{""alpha"": 0.99, ""lr"": 0.005, ""momentum"": 0.0, ""weight_decay"": 0.0001}",0.39723242819309235,0.38498381276925403,0.858295222123464,0.8716336389382681,80.0,80.0,0.7179063614069795,0.04588502328410593,0.0,0.8308410064971373
tuning,small_batch_instability,sgd_momentum,1,"{""lr"": 0.03, ""momentum"": 0.9, ""nesterov"": false, ""weight_decay"": 0.0}",0.4108130782842636,0.3697912245988846,0.850482722123464,0.8713160554567972,240.0,80.0,0.6333602496888489,0.05054324084674361,0.0,0.8318097709545716
tuning,small_batch_instability,sgd_momentum,2,"{""lr"": 0.03, ""momentum"": 0.85, ""nesterov"": false, ""weight_decay"": 0.0}",0.39880606532096863,0.37433821459611255,0.8530868887901306,0.8698551754156748,240.0,80.0,0.6385546803163985,0.04798587911099234,0.0,0.8300220600005139
tuning,small_batch_instability,sgd_momentum,3,"{""lr"": 0.08, ""momentum"": 0.85, ""nesterov"": false, ""weight_decay"": 0.0}",0.4199252128601074,0.39042413731416065,0.8467352588971456,0.8713160554567972,80.0,80.0,0.639208791932712,0.05639268809834939,0.0,0.8294540073204638
tuning,small_batch_instability,sgd_momentum,4,"{""lr"": 0.015, ""momentum"": 0.85, ""nesterov"": false, ""weight_decay"": 0.001}",0.39098982016245526,0.37886179486910504,0.8449568053086599,0.8698551853497823,360.0,133.33333333333334,0.6473357086845984,0.04064879835333723,0.0,0.8299365659452049
tuning,small_batch_instability,lion,1,"{""lr"": 0.0005, ""weight_decay"": 0.0}",0.3970828652381897,0.38668160637219745,0.8539126018683115,0.8704903523127238,360.0,226.66666666666666,0.7617375003173947,0.03741061757853747,0.0,0.829951660796577
tuning,small_batch_instability,lion,2,"{""lr"": 0.0005, ""weight_decay"": 0.001}",0.39727725088596344,0.3866627365350723,0.8524517218271891,0.8690294722716013,360.0,226.66666666666666,0.6668925556587055,0.0373792019079629,0.0,0.8284942385226959
tuning,small_batch_instability,lion,3,"{""lr"": 0.001, ""weight_decay"": 0.0001}",0.4038273443778356,0.37903610865275067,0.8513084352016449,0.8745553890864054,240.0,146.66666666666666,0.6644961807178333,0.052058593810486053,0.0,0.834048848530606
tuning,small_batch_instability,lion,4,"{""lr"": 0.001, ""weight_decay"": 0.001}",0.4030067175626755,0.3781162351369858,0.8434959352016449,0.8745553890864054,240.0,146.66666666666666,0.6630547083526229,0.05183215132294037,0.0,0.8341521580065598
tuning,small_batch_instability,topological_adam,1,"{""deterministic_init"": true, ""eta"": 0.03, ""lr"": 0.001, ""max_topo_ratio"": 0.05, ""target_energy"": 0.001, ""w_topo"": 0.08}",0.40792621672153473,0.4074536810318629,0.853086898724238,0.8672510186831156,560.0,306.6666666666667,1.9398151109926403,0.018965194337652747,0.0,0.8255573908630467
tuning,small_batch_instability,topological_adam,2,"{""deterministic_init"": true, ""eta"": 0.03, ""lr"": 0.0005, ""max_topo_ratio"": 0.1, ""target_energy"": 0.002, ""w_topo"": 0.08}",0.544360081354777,0.544360081354777,0.8151676853497823,0.8156758149464926,,453.3333333333333,2.0099045836832374,0.003932188717267579,0.0,0.7610431973751514
tuning,small_batch_instability,topological_adam,3,"{""deterministic_init"": true, ""eta"": 0.03, ""lr"": 0.0005, ""max_topo_ratio"": 0.02, ""target_energy"": 0.002, ""w_topo"": 0.08}",0.5444066425164541,0.5444066425164541,0.8151676853497823,0.8156758149464926,,453.3333333333333,2.0808463753589117,0.003930094731649957,0.0,0.7610386459582646
tuning,small_batch_instability,topological_adam,4,"{""deterministic_init"": true, ""eta"": 0.05, ""lr"": 0.001, ""max_topo_ratio"": 0.1, ""target_energy"": 0.001, ""w_topo"": 0.08}",0.40769881506760913,0.4070948014656703,0.853086898724238,0.8672510186831156,560.0,306.6666666666667,1.9963413886725903,0.0189890540344818,0.0,0.8255920858348245
tuning,noisy_regression,coherent_momentum_physical_baseline,1,"{""energy_correction_strength"": 0.15, ""energy_decay"": 0.95, ""friction"": 0.08, ""lr"": 0.001, ""max_scale"": 1.35, ""min_scale"": 0.55, ""momentum_coupling"": 0.25, ""oscillation_damping"": 0.2, ""weight_decay"": 0.0001}",0.6353272646665573,0.6248168696959814,,,130.0,,0.17263834729480246,0.06631524374880415,0.0,-0.6281326318834215
tuning,noisy_regression,coherent_momentum_physical_baseline,2,"{""energy_correction_strength"": 0.15, ""energy_decay"": 0.9, ""friction"": 0.02, ""lr"": 0.001, ""max_scale"": 1.35, ""min_scale"": 0.55, ""momentum_coupling"": 0.25, ""oscillation_damping"": 0.2, ""weight_decay"": 0.0}",0.6044136037429174,0.5956723888715109,,,130.0,,0.17112581932451576,0.06797937485025513,0.0,-0.5990713576140235
tuning,noisy_regression,coherent_momentum_physical_baseline,3,"{""energy_correction_strength"": 0.3, ""energy_decay"": 0.95, ""friction"": 0.08, ""lr"": 0.003, ""max_scale"": 1.35, ""min_scale"": 0.55, ""momentum_coupling"": 0.0, ""oscillation_damping"": 0.2, ""weight_decay"": 0.0001}",0.16949093590180078,0.16949093590180078,,,70.0,,0.17161143066671988,0.0940071293917198,0.0,-0.17419129237138678
tuning,noisy_regression,coherent_momentum_physical_baseline,4,"{""energy_correction_strength"": 0.15, ""energy_decay"": 0.9, ""friction"": 0.15, ""lr"": 0.001, ""max_scale"": 1.35, ""min_scale"": 0.55, ""momentum_coupling"": 0.25, ""oscillation_damping"": 0.0, ""weight_decay"": 0.0001}",0.6703749845425288,0.6577575753132502,,,150.0,,0.1725097360322252,0.0643743513184451,0.0,-0.6609762928791725
tuning,noisy_regression,coherent_momentum_real_baseline,1,"{""adaptive_mass_trust"": 0.08, ""betas"": [0.9, 0.999], ""drift_threshold"": 0.035, ""energy_correction_strength"": 0.07, ""fixed_mass"": 1.0, ""friction"": 0.035, ""lr"": 0.02, ""mass_alignment_strength"": 0.25, ""mass_anisotropy_cap"": 1.6, ""mass_change_cap"": 1.05, ""mass_mode"": ""adaptive"", ""mass_shock_penalty"": 1.4, ""mass_smoothing"": 0.985, ""mass_warmup_steps"": 40, ""max_energy_correction"": 0.16, ""max_inverse_mass"": 1.45, ""min_inverse_mass"": 0.55, ""mode"": ""dissipative_hamiltonian"", ""relative_energy_floor"": 0.1, ""use_adam_preconditioning"": true, ""use_decoupled_weight_decay"": true, ""use_energy_correction"": true, ""use_friction"": true, ""weight_decay"": 0.0001}",0.20706758151451746,0.10887048145135243,,,40.0,,0.3486160000320524,0.09147758085468728,0.0,-0.1134443604940868
tuning,noisy_regression,coherent_momentum_real_baseline,2,"{""adaptive_mass_trust"": 0.15, ""betas"": [0.9, 0.999], ""drift_threshold"": 0.035, ""energy_correction_strength"": 0.0, ""fixed_mass"": 1.0, ""friction"": 0.0, ""lr"": 0.02, ""mass_alignment_strength"": 0.25, ""mass_anisotropy_cap"": 1.8, ""mass_change_cap"": 1.05, ""mass_mode"": ""fixed"", ""mass_shock_penalty"": 1.4, ""mass_smoothing"": 0.95, ""mass_warmup_steps"": 32, ""max_energy_correction"": 0.16, ""max_inverse_mass"": 1.45, ""min_inverse_mass"": 0.5, ""mode"": ""symplectic_euler"", ""relative_energy_floor"": 0.1, ""use_adam_preconditioning"": true, ""use_decoupled_weight_decay"": true, ""use_energy_correction"": true, ""use_friction"": true, ""weight_decay"": 0.001}",0.43974610169728595,0.12235280002156894,,,33.333333333333336,,0.20056012501784912,0.11529080054535766,0.0,-0.12811734004883682
tuning,noisy_regression,coherent_momentum_real_baseline,3,"{""adaptive_mass_trust"": 0.04, ""betas"": [0.9, 0.999], ""drift_threshold"": 0.02, ""energy_correction_strength"": 0.0, ""fixed_mass"": 1.0, ""friction"": 0.0, ""lr"": 0.01, ""mass_alignment_strength"": 0.0, ""mass_anisotropy_cap"": 2.4, ""mass_change_cap"": 1.03, ""mass_mode"": ""fixed"", ""mass_shock_penalty"": 1.8, ""mass_smoothing"": 0.95, ""mass_warmup_steps"": 16, ""max_energy_correction"": 0.16, ""max_inverse_mass"": 1.7, ""min_inverse_mass"": 0.55, ""mode"": ""adam_preconditioned_hamiltonian"", ""relative_energy_floor"": 0.1, ""use_adam_preconditioning"": true, ""use_decoupled_weight_decay"": true, ""use_energy_correction"": true, ""use_friction"": true, ""weight_decay"": 0.001}",0.6274517824252447,0.10951314494013786,,,70.0,,0.2806043333063523,0.13823956148197836,0.0,-0.11642512301423678
tuning,noisy_regression,coherent_momentum_real_baseline,4,"{""adaptive_mass_trust"": 0.15, ""betas"": [0.9, 0.99], ""drift_threshold"": 0.035, ""energy_correction_strength"": 0.07, ""fixed_mass"": 0.75, ""friction"": 0.0, ""lr"": 0.02, ""mass_alignment_strength"": 0.0, ""mass_anisotropy_cap"": 1.8, ""mass_change_cap"": 1.03, ""mass_mode"": ""adaptive"", ""mass_shock_penalty"": 1.4, ""mass_smoothing"": 0.95, ""mass_warmup_steps"": 32, ""max_energy_correction"": 0.16, ""max_inverse_mass"": 1.25, ""min_inverse_mass"": 0.65, ""mode"": ""symplectic_euler"", ""relative_energy_floor"": 0.1, ""use_adam_preconditioning"": true, ""use_decoupled_weight_decay"": true, ""use_energy_correction"": true, ""use_friction"": true, ""weight_decay"": 0.001}",0.5921866198380789,0.11673034603397052,,,33.333333333333336,,0.26140318100806326,0.10045605659742386,0.0,-0.1217531488638417
tuning,noisy_regression,adam,1,"{""lr"": 0.001, ""weight_decay"": 0.0}",0.5920050690571467,0.5839329063892365,,,130.0,,0.1218337359605357,0.06827885472858956,0.0,-0.5873468491256659
tuning,noisy_regression,adam,2,"{""lr"": 0.0005, ""weight_decay"": 0.0}",0.8978472550710043,0.8654989699522654,,,,,0.12132583333489795,0.05653037827786576,0.0,-0.8683254888661587
tuning,noisy_regression,adam,3,"{""lr"": 0.001, ""weight_decay"": 0.001}",0.5919891744852066,0.5839144537846247,,,130.0,,0.1227055552881211,0.06827816774578423,0.0,-0.587328362171914
tuning,noisy_regression,adam,4,"{""lr"": 0.001, ""weight_decay"": 0.0001}",0.5920034348964691,0.5839310089747111,,,130.0,,0.12195044437733789,0.06827878906036101,0.0,-0.5873449484277291
tuning,noisy_regression,adamw,1,"{""lr"": 0.001, ""weight_decay"": 0.0001}",0.5920057197411855,0.5839330206314722,,,130.0,,0.12231783332147945,0.06827867716798629,0.0,-0.5873469544898716
tuning,noisy_regression,adamw,2,"{""lr"": 0.0005, ""weight_decay"": 0.0001}",0.8978440364201864,0.8654956718285879,,,,,0.12265031936112791,0.056530339763804484,0.0,-0.8683221888167779
tuning,noisy_regression,adamw,3,"{""lr"": 0.0005, ""weight_decay"": 0.0}",0.8978472550710043,0.8654989699522654,,,,,0.12125988871169587,0.05653037827786576,0.0,-0.8683254888661587
tuning,noisy_regression,adamw,4,"{""lr"": 0.001, ""weight_decay"": 0.001}",0.5920088638861974,0.5839322606722513,,,130.0,,0.12743098634139946,0.06827722697811982,0.0,-0.5873461220211573
tuning,noisy_regression,rmsprop,1,"{""alpha"": 0.99, ""lr"": 0.005, ""momentum"": 0.0, ""weight_decay"": 0.0}",0.06843637861311436,0.06583907455205917,,,13.333333333333334,,0.10932169462709378,0.02491302361542003,0.0,-0.06708472573283018
tuning,noisy_regression,rmsprop,2,"{""alpha"": 0.95, ""lr"": 0.002, ""momentum"": 0.0, ""weight_decay"": 0.0001}",0.18114193404714266,0.18114193404714266,,,73.33333333333333,,0.11190726363565773,0.07369304441271163,0.0,-0.18482658626777826
tuning,noisy_regression,rmsprop,3,"{""alpha"": 0.95, ""lr"": 0.01, ""momentum"": 0.0, ""weight_decay"": 0.0}",0.07007547467947006,0.06472209095954895,,,13.333333333333334,,0.10963884702262779,0.026916713595289677,0.0,-0.06606792663931343
tuning,noisy_regression,rmsprop,4,"{""alpha"": 0.99, ""lr"": 0.005, ""momentum"": 0.0, ""weight_decay"": 0.0001}",0.06843672692775726,0.0658393632620573,,,13.333333333333334,,0.11128818069119006,0.024912810932080393,0.0,-0.06708500380866132
tuning,noisy_regression,sgd_momentum,1,"{""lr"": 0.03, ""momentum"": 0.9, ""nesterov"": false, ""weight_decay"": 0.0}",0.07108009420335293,0.06560495992501576,,,10.0,,0.10492144462962945,0.022506520508736777,0.0,-0.0667302859504526
tuning,noisy_regression,sgd_momentum,2,"{""lr"": 0.03, ""momentum"": 0.85, ""nesterov"": false, ""weight_decay"": 0.0}",0.06980018131434917,0.0633558128029108,,,10.0,,0.10511223634239286,0.020007965907864186,0.0,-0.06435621109830401
tuning,noisy_regression,sgd_momentum,3,"{""lr"": 0.08, ""momentum"": 0.85, ""nesterov"": false, ""weight_decay"": 0.0}",0.11399525714417298,0.08494984544813633,,,10.0,,0.10522077795273314,0.017803266702156414,0.0,-0.08584000878324416
tuning,noisy_regression,sgd_momentum,4,"{""lr"": 0.015, ""momentum"": 0.85, ""nesterov"": false, ""weight_decay"": 0.001}",0.0686809631685416,0.06528979167342186,,,10.0,,0.10637222265359014,0.02788133781112787,0.0,-0.06668385856397825
tuning,noisy_regression,lion,1,"{""lr"": 0.0005, ""weight_decay"": 0.0}",0.7709672202666601,0.7541107137997946,,,,,0.10484655566203098,0.0617253475706921,0.0,-0.7571969811783291
tuning,noisy_regression,lion,2,"{""lr"": 0.0005, ""weight_decay"": 0.001}",0.7709596206744512,0.7541013161341349,,,,,0.1076296946266666,0.06172499328690336,0.0,-0.7571875657984801
tuning,noisy_regression,lion,3,"{""lr"": 0.001, ""weight_decay"": 0.0001}",0.4392303948601087,0.4392303948601087,,,105.0,,0.10658080565432708,0.08082676488339291,0.0,-0.44327173310427836
tuning,noisy_regression,lion,4,"{""lr"": 0.001, ""weight_decay"": 0.001}",0.43924929449955624,0.43924929449955624,,,105.0,,0.10549068035713087,0.08082341194472979,0.0,-0.44329046509679265
tuning,noisy_regression,topological_adam,1,"{""deterministic_init"": true, ""eta"": 0.03, ""lr"": 0.001, ""max_topo_ratio"": 0.05, ""target_energy"": 0.001, ""w_topo"": 0.08}",0.593067596356074,0.5849372297525406,,,130.0,,0.20745148633917174,0.06822749797069812,0.0,-0.5883486046510754
tuning,noisy_regression,topological_adam,2,"{""deterministic_init"": true, ""eta"": 0.03, ""lr"": 0.0005, ""max_topo_ratio"": 0.1, ""target_energy"": 0.002, ""w_topo"": 0.08}",0.8991277813911438,0.8665999869505564,,,,,0.20581609732471406,0.056506524006877355,0.0,-0.8694253131509003
tuning,noisy_regression,topological_adam,3,"{""deterministic_init"": true, ""eta"": 0.03, ""lr"": 0.0005, ""max_topo_ratio"": 0.02, ""target_energy"": 0.002, ""w_topo"": 0.08}",0.8981426556905111,0.8657553692658743,,,,,0.20650441700126976,0.05652590286166451,0.0,-0.8685816644089575
tuning,noisy_regression,topological_adam,4,"{""deterministic_init"": true, ""eta"": 0.05, ""lr"": 0.001, ""max_topo_ratio"": 0.1, ""target_energy"": 0.001, ""w_topo"": 0.08}",0.5934361418088278,0.5852826585372289,,,130.0,,0.20510951433485994,0.06820284349909356,0.0,-0.5886928007121836
tuning,saddle_objective,coherent_momentum_physical_baseline,1,"{""energy_correction_strength"": 0.15, ""energy_decay"": 0.95, ""friction"": 0.08, ""lr"": 0.001, ""max_scale"": 1.35, ""min_scale"": 0.55, ""momentum_coupling"": 0.25, ""oscillation_damping"": 0.2, ""weight_decay"": 0.0001}",-1.6584775845209758,-1.6584775845209758,,,448.0,,0.3646032913820818,0.24706376796464125,0.0,1.6461243961227439
tuning,saddle_objective,coherent_momentum_physical_baseline,2,"{""energy_correction_strength"": 0.15, ""energy_decay"": 0.9, ""friction"": 0.02, ""lr"": 0.001, ""max_scale"": 1.35, ""min_scale"": 0.55, ""momentum_coupling"": 0.25, ""oscillation_damping"": 0.2, ""weight_decay"": 0.0}",-1.7895218133926392,-1.7895218133926392,,,416.0,,0.36210399966997403,0.2875285105947496,0.0,1.7751453878629018
tuning,saddle_objective,coherent_momentum_physical_baseline,3,"{""energy_correction_strength"": 0.3, ""energy_decay"": 0.95, ""friction"": 0.08, ""lr"": 0.003, ""max_scale"": 1.35, ""min_scale"": 0.55, ""momentum_coupling"": 0.0, ""oscillation_damping"": 0.2, ""weight_decay"": 0.0001}",-4.077108065287272,-4.077108065287272,,,176.0,,0.36501986098786193,1.8741384424211034,0.0,3.9834011431662173
tuning,saddle_objective,coherent_momentum_physical_baseline,4,"{""energy_correction_strength"": 0.15, ""energy_decay"": 0.9, ""friction"": 0.15, ""lr"": 0.001, ""max_scale"": 1.35, ""min_scale"": 0.55, ""momentum_coupling"": 0.25, ""oscillation_damping"": 0.0, ""weight_decay"": 0.0001}",-1.5071704387664795,-1.5071704387664795,,,480.0,,0.3655470273224637,0.20439643990466982,0.0,1.4969506167712463
tuning,saddle_objective,coherent_momentum_real_baseline,1,"{""adaptive_mass_trust"": 0.08, ""betas"": [0.9, 0.999], ""drift_threshold"": 0.035, ""energy_correction_strength"": 0.07, ""fixed_mass"": 1.0, ""friction"": 0.035, ""lr"": 0.02, ""mass_alignment_strength"": 0.25, ""mass_anisotropy_cap"": 1.6, ""mass_change_cap"": 1.05, ""mass_mode"": ""adaptive"", ""mass_shock_penalty"": 1.4, ""mass_smoothing"": 0.985, ""mass_warmup_steps"": 40, ""max_energy_correction"": 0.16, ""max_inverse_mass"": 1.45, ""min_inverse_mass"": 0.55, ""mode"": ""dissipative_hamiltonian"", ""relative_energy_floor"": 0.1, ""use_adam_preconditioning"": true, ""use_decoupled_weight_decay"": true, ""use_energy_correction"": true, ""use_friction"": true, ""weight_decay"": 0.0001}",-3.2375779151916504,-3.980175495147705,,,112.0,,0.915326861004966,1.396223212525871,0.0,3.9103643345214114
tuning,saddle_objective,coherent_momentum_real_baseline,2,"{""adaptive_mass_trust"": 0.15, ""betas"": [0.9, 0.999], ""drift_threshold"": 0.035, ""energy_correction_strength"": 0.0, ""fixed_mass"": 1.0, ""friction"": 0.0, ""lr"": 0.02, ""mass_alignment_strength"": 0.25, ""mass_anisotropy_cap"": 1.8, ""mass_change_cap"": 1.05, ""mass_mode"": ""fixed"", ""mass_shock_penalty"": 1.4, ""mass_smoothing"": 0.95, ""mass_warmup_steps"": 32, ""max_energy_correction"": 0.16, ""max_inverse_mass"": 1.45, ""min_inverse_mass"": 0.5, ""mode"": ""symplectic_euler"", ""relative_energy_floor"": 0.1, ""use_adam_preconditioning"": true, ""use_decoupled_weight_decay"": true, ""use_energy_correction"": true, ""use_friction"": true, ""weight_decay"": 0.001}",-1.7606064478556316,-3.818666140238444,,,96.0,,0.5051419999993717,1.5055761657641702,0.0,3.743387331950235
tuning,saddle_objective,coherent_momentum_real_baseline,3,"{""adaptive_mass_trust"": 0.04, ""betas"": [0.9, 0.999], ""drift_threshold"": 0.02, ""energy_correction_strength"": 0.0, ""fixed_mass"": 1.0, ""friction"": 0.0, ""lr"": 0.01, ""mass_alignment_strength"": 0.0, ""mass_anisotropy_cap"": 2.4, ""mass_change_cap"": 1.03, ""mass_mode"": ""fixed"", ""mass_shock_penalty"": 1.8, ""mass_smoothing"": 0.95, ""mass_warmup_steps"": 16, ""max_energy_correction"": 0.16, ""max_inverse_mass"": 1.7, ""min_inverse_mass"": 0.55, ""mode"": ""adam_preconditioned_hamiltonian"", ""relative_energy_floor"": 0.1, ""use_adam_preconditioning"": true, ""use_decoupled_weight_decay"": true, ""use_energy_correction"": true, ""use_friction"": true, ""weight_decay"": 0.001}",-1.861564079920451,-3.9197540283203125,,,176.0,,0.7549378197096909,1.6115395659581602,0.0,3.8391770500224047
tuning,saddle_objective,coherent_momentum_real_baseline,4,"{""adaptive_mass_trust"": 0.15, ""betas"": [0.9, 0.99], ""drift_threshold"": 0.035, ""energy_correction_strength"": 0.07, ""fixed_mass"": 0.75, ""friction"": 0.0, ""lr"": 0.02, ""mass_alignment_strength"": 0.0, ""mass_anisotropy_cap"": 1.8, ""mass_change_cap"": 1.03, ""mass_mode"": ""adaptive"", ""mass_shock_penalty"": 1.4, ""mass_smoothing"": 0.95, ""mass_warmup_steps"": 32, ""max_energy_correction"": 0.16, ""max_inverse_mass"": 1.25, ""min_inverse_mass"": 0.65, ""mode"": ""symplectic_euler"", ""relative_energy_floor"": 0.1, ""use_adam_preconditioning"": true, ""use_decoupled_weight_decay"": true, ""use_energy_correction"": true, ""use_friction"": true, ""weight_decay"": 0.001}",-1.9496748646100361,-3.74849271774292,,,96.0,,0.6569985416329777,1.5768473145140998,0.0,3.669650352017215
tuning,saddle_objective,adam,1,"{""lr"": 0.001, ""weight_decay"": 0.0}",-1.8325865268707275,-1.8325865268707275,,,416.0,,0.276820138678886,0.3013920684205507,0.0,1.8175169234497
tuning,saddle_objective,adam,2,"{""lr"": 0.0005, ""weight_decay"": 0.0}",-0.7922275960445404,-0.7922275960445404,,,96.0,,0.24279136133069792,0.05966085146464153,0.0,0.7892445534713084
tuning,saddle_objective,adam,3,"{""lr"": 0.001, ""weight_decay"": 0.001}",-1.8325542211532593,-1.8325542211532593,,,416.0,,0.24721124970043698,0.3013847683877548,0.0,1.8174849827338715
tuning,saddle_objective,adam,4,"{""lr"": 0.001, ""weight_decay"": 0.0001}",-1.8325833876927693,-1.8325833876927693,,,416.0,,0.24475108370340118,0.3013913779077391,0.0,1.8175138187973825
tuning,saddle_objective,adamw,1,"{""lr"": 0.001, ""weight_decay"": 0.0001}",-1.832399050394694,-1.832399050394694,,,416.0,,0.24435012531466782,0.30133111464366635,0.0,1.8173324946625107
tuning,saddle_objective,adamw,2,"{""lr"": 0.0005, ""weight_decay"": 0.0001}",-0.7921463052431742,-0.7921463052431742,,,96.0,,0.26546604131969315,0.059648827252695956,0.0,0.7891638638805394
tuning,saddle_objective,adamw,3,"{""lr"": 0.0005, ""weight_decay"": 0.0}",-0.7922275960445404,-0.7922275960445404,,,96.0,,0.24905868037603796,0.05966085146464153,0.0,0.7892445534713084
tuning,saddle_objective,adamw,4,"{""lr"": 0.001, ""weight_decay"": 0.001}",-1.830920656522115,-1.830920656522115,,,416.0,,0.2655008749958749,0.30084674326055777,0.0,1.815878319359087
tuning,saddle_objective,rmsprop,1,"{""alpha"": 0.99, ""lr"": 0.005, ""momentum"": 0.0, ""weight_decay"": 0.0}",-4.1322299639383955,-4.132231712341309,,,48.0,,0.2372396527013431,1.0015648063942963,0.0,4.082153472021594
tuning,saddle_objective,rmsprop,2,"{""alpha"": 0.95, ""lr"": 0.002, ""momentum"": 0.0, ""weight_decay"": 0.0001}",-3.15966002146403,-3.15966002146403,,,240.0,,0.21243166698453328,0.8442486824993214,0.0,3.1174475873390635
tuning,saddle_objective,rmsprop,3,"{""alpha"": 0.95, ""lr"": 0.01, ""momentum"": 0.0, ""weight_decay"": 0.0}",-4.132152875264485,-4.132210413614909,,,48.0,,0.2106372780011346,0.9498889800442459,0.0,4.0847159646126965
tuning,saddle_objective,rmsprop,4,"{""alpha"": 0.99, ""lr"": 0.005, ""momentum"": 0.0, ""weight_decay"": 0.0001}",-4.13223123550415,-4.132231871287028,,,48.0,,0.24727952767473957,1.0015613843465736,0.0,4.082153802069699
tuning,saddle_objective,sgd_momentum,1,"{""lr"": 0.03, ""momentum"": 0.9, ""nesterov"": false, ""weight_decay"": 0.0}",-4.132231871287028,-4.132232189178467,,,48.0,,0.2136072776435564,0.233499585655319,0.0,4.120557209895701
tuning,saddle_objective,sgd_momentum,2,"{""lr"": 0.03, ""momentum"": 0.85, ""nesterov"": false, ""weight_decay"": 0.0}",-4.132232030232747,-4.132232189178467,,,48.0,,0.19813493033871055,0.2428222695034604,0.0,4.120091075703294
tuning,saddle_objective,sgd_momentum,3,"{""lr"": 0.08, ""momentum"": 0.85, ""nesterov"": false, ""weight_decay"": 0.0}",-4.132231553395589,-4.132231871287028,,,48.0,,0.20408718035711595,0.1438517498166783,0.0,4.125039283796195
tuning,saddle_objective,sgd_momentum,4,"{""lr"": 0.015, ""momentum"": 0.85, ""nesterov"": false, ""weight_decay"": 0.001}",-4.132229804992676,-4.132230122884114,,,48.0,,0.2011439863126725,0.3686317551124561,0.0,4.113798535128492
tuning,saddle_objective,lion,1,"{""lr"": 0.0005, ""weight_decay"": 0.0}",-0.6927641332149506,-0.6927641332149506,,,96.0,,0.1944509856402874,0.047760604547213724,0.0,0.6903761029875898
tuning,saddle_objective,lion,2,"{""lr"": 0.0005, ""weight_decay"": 0.001}",-0.6924242526292801,-0.6924242526292801,,,96.0,,0.19576038901383677,0.0477136804074286,0.0,0.6900385686089087
tuning,saddle_objective,lion,3,"{""lr"": 0.001, ""weight_decay"": 0.0001}",-1.4237223664919536,-1.4237223664919536,,,336.0,,0.194370805635117,0.18654215772007712,0.0,1.4143952586059498
tuning,saddle_objective,lion,4,"{""lr"": 0.001, ""weight_decay"": 0.001}",-1.4224962989489238,-1.4224962989489238,,,336.0,,0.19469151362621537,0.186208249752897,0.0,1.413185886461279
tuning,saddle_objective,topological_adam,1,"{""deterministic_init"": true, ""eta"": 0.03, ""lr"": 0.001, ""max_topo_ratio"": 0.05, ""target_energy"": 0.001, ""w_topo"": 0.08}",-1.8309691747029622,-1.8309691747029622,,,416.0,,0.4481412776513025,0.3008411241613916,0.0,1.8159271184948926
tuning,saddle_objective,topological_adam,2,"{""deterministic_init"": true, ""eta"": 0.03, ""lr"": 0.0005, ""max_topo_ratio"": 0.1, ""target_energy"": 0.002, ""w_topo"": 0.08}",-0.7914692560831705,-0.7914692560831705,,,96.0,,0.44728172263906646,0.05956345893174172,0.0,0.7884910831365834
tuning,saddle_objective,topological_adam,3,"{""deterministic_init"": true, ""eta"": 0.03, ""lr"": 0.0005, ""max_topo_ratio"": 0.02, ""target_energy"": 0.002, ""w_topo"": 0.08}",-0.7920428812503815,-0.7920428812503815,,,96.0,,0.5172631526753927,0.0596476470911817,0.0,0.7890604988958224
tuning,saddle_objective,topological_adam,4,"{""deterministic_init"": true, ""eta"": 0.05, ""lr"": 0.001, ""max_topo_ratio"": 0.1, ""target_energy"": 0.001, ""w_topo"": 0.08}",-1.8309945662816365,-1.8309945662816365,,,416.0,,0.4473484303647031,0.30077808154398,0.0,1.8159556622044375
tuning,high_curvature_regression,coherent_momentum_physical_baseline,1,"{""energy_correction_strength"": 0.15, ""energy_decay"": 0.95, ""friction"": 0.08, ""lr"": 0.001, ""max_scale"": 1.35, ""min_scale"": 0.55, ""momentum_coupling"": 0.25, ""oscillation_damping"": 0.2, ""weight_decay"": 0.0001}",0.6681585411230723,0.6681585411230723,,,,,0.23580969462636858,0.12188418130866148,0.0,-0.6742527501885053
tuning,high_curvature_regression,coherent_momentum_physical_baseline,2,"{""energy_correction_strength"": 0.15, ""energy_decay"": 0.9, ""friction"": 0.02, ""lr"": 0.001, ""max_scale"": 1.35, ""min_scale"": 0.55, ""momentum_coupling"": 0.25, ""oscillation_damping"": 0.2, ""weight_decay"": 0.0}",0.6382953226566315,0.6382953226566315,,,,,0.23345523599224785,0.12325300811616173,0.0,-0.6444579730624396
tuning,high_curvature_regression,coherent_momentum_physical_baseline,3,"{""energy_correction_strength"": 0.3, ""energy_decay"": 0.95, ""friction"": 0.08, ""lr"": 0.003, ""max_scale"": 1.35, ""min_scale"": 0.55, ""momentum_coupling"": 0.0, ""oscillation_damping"": 0.2, ""weight_decay"": 0.0001}",0.18379933014512062,0.18379933014512062,,,176.0,,0.2358173473427693,0.15115482289953439,0.0,-0.19135707129009735
tuning,high_curvature_regression,coherent_momentum_physical_baseline,4,"{""energy_correction_strength"": 0.15, ""energy_decay"": 0.9, ""friction"": 0.15, ""lr"": 0.001, ""max_scale"": 1.35, ""min_scale"": 0.55, ""momentum_coupling"": 0.25, ""oscillation_damping"": 0.0, ""weight_decay"": 0.0001}",0.7004255255063375,0.7004255255063375,,,,,0.23710031900554895,0.12042089162392577,0.0,-0.7064465700875338
tuning,high_curvature_regression,coherent_momentum_real_baseline,1,"{""adaptive_mass_trust"": 0.08, ""betas"": [0.9, 0.999], ""drift_threshold"": 0.035, ""energy_correction_strength"": 0.07, ""fixed_mass"": 1.0, ""friction"": 0.035, ""lr"": 0.02, ""mass_alignment_strength"": 0.25, ""mass_anisotropy_cap"": 1.6, ""mass_change_cap"": 1.05, ""mass_mode"": ""adaptive"", ""mass_shock_penalty"": 1.4, ""mass_smoothing"": 0.985, ""mass_warmup_steps"": 40, ""max_energy_correction"": 0.16, ""max_inverse_mass"": 1.45, ""min_inverse_mass"": 0.55, ""mode"": ""dissipative_hamiltonian"", ""relative_energy_floor"": 0.1, ""use_adam_preconditioning"": true, ""use_decoupled_weight_decay"": true, ""use_energy_correction"": true, ""use_friction"": true, ""weight_decay"": 0.0001}",0.13328241308530173,0.048195733378330864,,,48.0,,0.4951947086568301,0.1369782189832082,0.0,-0.05504464432749128
tuning,high_curvature_regression,coherent_momentum_real_baseline,2,"{""adaptive_mass_trust"": 0.15, ""betas"": [0.9, 0.999], ""drift_threshold"": 0.035, ""energy_correction_strength"": 0.0, ""fixed_mass"": 1.0, ""friction"": 0.0, ""lr"": 0.02, ""mass_alignment_strength"": 0.25, ""mass_anisotropy_cap"": 1.8, ""mass_change_cap"": 1.05, ""mass_mode"": ""fixed"", ""mass_shock_penalty"": 1.4, ""mass_smoothing"": 0.95, ""mass_warmup_steps"": 32, ""max_energy_correction"": 0.16, ""max_inverse_mass"": 1.45, ""min_inverse_mass"": 0.5, ""mode"": ""symplectic_euler"", ""relative_energy_floor"": 0.1, ""use_adam_preconditioning"": true, ""use_decoupled_weight_decay"": true, ""use_energy_correction"": true, ""use_friction"": true, ""weight_decay"": 0.001}",0.6973891059557596,0.07266454646984737,,,48.0,,0.2804190552948664,0.2040665104990751,0.0,-0.08286787199480111
tuning,high_curvature_regression,coherent_momentum_real_baseline,3,"{""adaptive_mass_trust"": 0.04, ""betas"": [0.9, 0.999], ""drift_threshold"": 0.02, ""energy_correction_strength"": 0.0, ""fixed_mass"": 1.0, ""friction"": 0.0, ""lr"": 0.01, ""mass_alignment_strength"": 0.0, ""mass_anisotropy_cap"": 2.4, ""mass_change_cap"": 1.03, ""mass_mode"": ""fixed"", ""mass_shock_penalty"": 1.8, ""mass_smoothing"": 0.95, ""mass_warmup_steps"": 16, ""max_energy_correction"": 0.16, ""max_inverse_mass"": 1.7, ""min_inverse_mass"": 0.55, ""mode"": ""adam_preconditioned_hamiltonian"", ""relative_energy_floor"": 0.1, ""use_adam_preconditioning"": true, ""use_decoupled_weight_decay"": true, ""use_energy_correction"": true, ""use_friction"": true, ""weight_decay"": 0.001}",1.0336608688036601,0.03425389217833678,,,90.66666666666667,,0.39692333332883817,0.2875042629752089,0.0,-0.04862910532709722
tuning,high_curvature_regression,coherent_momentum_real_baseline,4,"{""adaptive_mass_trust"": 0.15, ""betas"": [0.9, 0.99], ""drift_threshold"": 0.035, ""energy_correction_strength"": 0.07, ""fixed_mass"": 0.75, ""friction"": 0.0, ""lr"": 0.02, ""mass_alignment_strength"": 0.0, ""mass_anisotropy_cap"": 1.8, ""mass_change_cap"": 1.03, ""mass_mode"": ""adaptive"", ""mass_shock_penalty"": 1.4, ""mass_smoothing"": 0.95, ""mass_warmup_steps"": 32, ""max_energy_correction"": 0.16, ""max_inverse_mass"": 1.25, ""min_inverse_mass"": 0.65, ""mode"": ""symplectic_euler"", ""relative_energy_floor"": 0.1, ""use_adam_preconditioning"": true, ""use_decoupled_weight_decay"": true, ""use_energy_correction"": true, ""use_friction"": true, ""weight_decay"": 0.001}",0.567180871963501,0.03499462828040123,,,42.666666666666664,,0.37058830571671325,0.18668516099420382,0.0,-0.04432888633011142
tuning,high_curvature_regression,adam,1,"{""lr"": 0.001, ""weight_decay"": 0.0}",0.6250579456488291,0.6250579456488291,,,,,0.16319408364749202,0.12346291354055465,0.0,-0.6312310913258569
tuning,high_curvature_regression,adam,2,"{""lr"": 0.0005, ""weight_decay"": 0.0}",0.9257143338521322,0.9257143338521322,,,,,0.16386113901777813,0.11695648186833167,0.0,-0.9315621579455486
tuning,high_curvature_regression,adam,3,"{""lr"": 0.001, ""weight_decay"": 0.001}",0.6250277658303579,0.6250277658303579,,,,,0.16462480536817262,0.12345977331023117,0.0,-0.6312007544958694
tuning,high_curvature_regression,adam,4,"{""lr"": 0.001, ""weight_decay"": 0.0001}",0.6250549554824829,0.6250549554824829,,,,,0.16438677767291665,0.12346259835772468,0.0,-0.6312280854003691
tuning,high_curvature_regression,adamw,1,"{""lr"": 0.001, ""weight_decay"": 0.0001}",0.6250586112340292,0.6250586112340292,,,,,0.16346377766846368,0.12346227131099478,0.0,-0.6312317247995788
tuning,high_curvature_regression,adamw,2,"{""lr"": 0.0005, ""weight_decay"": 0.0001}",0.9257086515426636,0.9257086515426636,,,,,0.16306873601085195,0.11695611005218425,0.0,-0.9315564570452729
tuning,high_curvature_regression,adamw,3,"{""lr"": 0.0005, ""weight_decay"": 0.0}",0.9257143338521322,0.9257143338521322,,,,,0.16606222193998596,0.11695648186833167,0.0,-0.9315621579455486
tuning,high_curvature_regression,adamw,4,"{""lr"": 0.001, ""weight_decay"": 0.001}",0.62506303191185,0.62506303191185,,,,,0.16431894436633834,0.1234571566604631,0.0,-0.6312358897448731
tuning,high_curvature_regression,rmsprop,1,"{""alpha"": 0.99, ""lr"": 0.005, ""momentum"": 0.0, ""weight_decay"": 0.0}",0.0007114716475674262,0.0007047828936871762,,,53.333333333333336,,0.14669401404292634,0.05217400299391311,0.0,-0.003313483043382831
tuning,high_curvature_regression,rmsprop,2,"{""alpha"": 0.95, ""lr"": 0.002, ""momentum"": 0.0, ""weight_decay"": 0.0001}",0.21792949984471002,0.21792949984471002,,,192.0,,0.14771763902778426,0.12700797568644218,0.0,-0.22427989862903217
tuning,high_curvature_regression,rmsprop,3,"{""alpha"": 0.95, ""lr"": 0.01, ""momentum"": 0.0, ""weight_decay"": 0.0}",0.0008973847143352032,0.00032260187435895205,,,42.666666666666664,,0.14635338867083192,0.05692989813408541,0.0,-0.003169096781063222
tuning,high_curvature_regression,rmsprop,4,"{""alpha"": 0.99, ""lr"": 0.005, ""momentum"": 0.0, ""weight_decay"": 0.0001}",0.000712665316920417,0.0007060071366140619,,,53.333333333333336,,0.148227749664026,0.052173221075366545,0.0,-0.003314668190382389
tuning,high_curvature_regression,sgd_momentum,1,"{""lr"": 0.03, ""momentum"": 0.9, ""nesterov"": false, ""weight_decay"": 0.0}",0.00029668717373472947,0.00023893933393992484,,,21.333333333333332,,0.14009566663298756,0.024089850950953645,0.0,-0.001443431881487607
tuning,high_curvature_regression,sgd_momentum,2,"{""lr"": 0.03, ""momentum"": 0.85, ""nesterov"": false, ""weight_decay"": 0.0}",0.000274147877159218,0.000227719511409911,,,16.0,,0.13944556967665753,0.02149783255516492,0.0,-0.0013026111391681572
tuning,high_curvature_regression,sgd_momentum,3,"{""lr"": 0.08, ""momentum"": 0.85, ""nesterov"": false, ""weight_decay"": 0.0}",0.0004850989789701998,0.000360619635709251,,,21.333333333333332,,0.14820611166457334,0.02242711743437507,0.0,-0.0014819755074280047
tuning,high_curvature_regression,sgd_momentum,4,"{""lr"": 0.015, ""momentum"": 0.85, ""nesterov"": false, ""weight_decay"": 0.001}",0.00023770819825585932,0.0002206897479481995,,,16.0,,0.1411059859674424,0.029010892732962007,0.0,-0.0016712343845963
tuning,high_curvature_regression,lion,1,"{""lr"": 0.0005, ""weight_decay"": 0.0}",0.8110619783401489,0.8110619783401489,,,,,0.13817808303671578,0.11643555250817487,0.0,-0.8168837559655576
tuning,high_curvature_regression,lion,2,"{""lr"": 0.0005, ""weight_decay"": 0.001}",0.8110495805740356,0.8110495805740356,,,,,0.1398528473218903,0.11643364636343867,0.0,-0.8168712628922076
tuning,high_curvature_regression,lion,3,"{""lr"": 0.001, ""weight_decay"": 0.0001}",0.5545662840207418,0.5545662840207418,,,,,0.1403522913266594,0.12796039914672572,0.0,-0.5609643039780781
tuning,high_curvature_regression,lion,4,"{""lr"": 0.001, ""weight_decay"": 0.001}",0.5546008149782816,0.5546008149782816,,,,,0.14001929166261107,0.12795152854343778,0.0,-0.5609983914054536
tuning,high_curvature_regression,topological_adam,1,"{""deterministic_init"": true, ""eta"": 0.03, ""lr"": 0.001, ""max_topo_ratio"": 0.05, ""target_energy"": 0.001, ""w_topo"": 0.08}",0.6246340076128641,0.6246340076128641,,,,,0.29226827768919367,0.12347270840650983,0.0,-0.6308076430331897
tuning,high_curvature_regression,topological_adam,2,"{""deterministic_init"": true, ""eta"": 0.03, ""lr"": 0.0005, ""max_topo_ratio"": 0.1, ""target_energy"": 0.002, ""w_topo"": 0.08}",0.9251133600870768,0.9251133600870768,,,,,0.29238506965339184,0.11693920696156124,0.0,-0.930960320435155
tuning,high_curvature_regression,topological_adam,3,"{""deterministic_init"": true, ""eta"": 0.03, ""lr"": 0.0005, ""max_topo_ratio"": 0.02, ""target_energy"": 0.002, ""w_topo"": 0.08}",0.9255909522374471,0.9255909522374471,,,,,0.2979450276276718,0.11695269775235778,0.0,-0.931438587125065
tuning,high_curvature_regression,topological_adam,4,"{""deterministic_init"": true, ""eta"": 0.05, ""lr"": 0.001, ""max_topo_ratio"": 0.1, ""target_energy"": 0.001, ""w_topo"": 0.08}",0.6244831879933676,0.6244831879933676,,,,,0.2961069446755573,0.12347610261336751,0.0,-0.6306569931240359
tuning,overfit_small_wine,coherent_momentum_physical_baseline,1,"{""energy_correction_strength"": 0.15, ""energy_decay"": 0.95, ""friction"": 0.08, ""lr"": 0.001, ""max_scale"": 1.35, ""min_scale"": 0.55, ""momentum_coupling"": 0.25, ""oscillation_damping"": 0.2, ""weight_decay"": 0.0001}",0.101832731316487,0.101832731316487,0.9777777791023254,0.9851851860682169,25.333333333333332,12.0,0.1917803893253828,0.11899090206463098,0.0,0.9690523678333367
tuning,overfit_small_wine,coherent_momentum_physical_baseline,2,"{""energy_correction_strength"": 0.15, ""energy_decay"": 0.9, ""friction"": 0.02, ""lr"": 0.001, ""max_scale"": 1.35, ""min_scale"": 0.55, ""momentum_coupling"": 0.25, ""oscillation_damping"": 0.2, ""weight_decay"": 0.0}",0.0971438040335973,0.0971438040335973,0.9777777791023254,0.9851851860682169,22.666666666666668,10.666666666666666,0.1890986803531026,0.11938968053058668,0.0,0.969501321638328
tuning,overfit_small_wine,coherent_momentum_physical_baseline,3,"{""energy_correction_strength"": 0.3, ""energy_decay"": 0.95, ""friction"": 0.08, ""lr"": 0.003, ""max_scale"": 1.35, ""min_scale"": 0.55, ""momentum_coupling"": 0.0, ""oscillation_damping"": 0.2, ""weight_decay"": 0.0001}",0.0866910790403684,0.07241060833136241,0.970370372136434,0.9851851860682169,10.666666666666666,5.333333333333333,0.19036488871400556,0.08624362972471762,0.0,0.9736319437488449
tuning,overfit_small_wine,coherent_momentum_physical_baseline,4,"{""energy_correction_strength"": 0.15, ""energy_decay"": 0.9, ""friction"": 0.15, ""lr"": 0.001, ""max_scale"": 1.35, ""min_scale"": 0.55, ""momentum_coupling"": 0.25, ""oscillation_damping"": 0.0, ""weight_decay"": 0.0001}",0.10847830896576245,0.10847830896576245,0.9777777791023254,0.9851851860682169,25.333333333333332,12.0,0.19004175000979254,0.11630376685191302,0.0,0.968522166829045
tuning,overfit_small_wine,coherent_momentum_real_baseline,1,"{""adaptive_mass_trust"": 0.08, ""betas"": [0.9, 0.999], ""drift_threshold"": 0.035, ""energy_correction_strength"": 0.07, ""fixed_mass"": 1.0, ""friction"": 0.035, ""lr"": 0.02, ""mass_alignment_strength"": 0.25, ""mass_anisotropy_cap"": 1.6, ""mass_change_cap"": 1.05, ""mass_mode"": ""adaptive"", ""mass_shock_penalty"": 1.4, ""mass_smoothing"": 0.985, ""mass_warmup_steps"": 40, ""max_energy_correction"": 0.16, ""max_inverse_mass"": 1.45, ""min_inverse_mass"": 0.55, ""mode"": ""dissipative_hamiltonian"", ""relative_energy_floor"": 0.1, ""use_adam_preconditioning"": true, ""use_decoupled_weight_decay"": true, ""use_energy_correction"": true, ""use_friction"": true, ""weight_decay"": 0.0001}",0.7566304008165995,0.7566304008165995,0.8444444537162781,0.8518518606821696,,56.0,0.4082245420431718,0.01583523043555508,0.0,0.7753970590787319
tuning,overfit_small_wine,coherent_momentum_real_baseline,2,"{""adaptive_mass_trust"": 0.15, ""betas"": [0.9, 0.999], ""drift_threshold"": 0.035, ""energy_correction_strength"": 0.0, ""fixed_mass"": 1.0, ""friction"": 0.0, ""lr"": 0.02, ""mass_alignment_strength"": 0.25, ""mass_anisotropy_cap"": 1.8, ""mass_change_cap"": 1.05, ""mass_mode"": ""fixed"", ""mass_shock_penalty"": 1.4, ""mass_smoothing"": 0.95, ""mass_warmup_steps"": 32, ""max_energy_correction"": 0.16, ""max_inverse_mass"": 1.45, ""min_inverse_mass"": 0.5, ""mode"": ""symplectic_euler"", ""relative_energy_floor"": 0.1, ""use_adam_preconditioning"": true, ""use_decoupled_weight_decay"": true, ""use_energy_correction"": true, ""use_friction"": true, ""weight_decay"": 0.001}",0.7450698216756185,0.7450698216756185,0.8592592676480612,0.8666666746139526,,56.0,0.19120913895312697,0.016636954773680292,0.0,0.7913278447077068
tuning,overfit_small_wine,coherent_momentum_real_baseline,3,"{""adaptive_mass_trust"": 0.04, ""betas"": [0.9, 0.999], ""drift_threshold"": 0.02, ""energy_correction_strength"": 0.0, ""fixed_mass"": 1.0, ""friction"": 0.0, ""lr"": 0.01, ""mass_alignment_strength"": 0.0, ""mass_anisotropy_cap"": 2.4, ""mass_change_cap"": 1.03, ""mass_mode"": ""fixed"", ""mass_shock_penalty"": 1.8, ""mass_smoothing"": 0.95, ""mass_warmup_steps"": 16, ""max_energy_correction"": 0.16, ""max_inverse_mass"": 1.7, ""min_inverse_mass"": 0.55, ""mode"": ""adam_preconditioned_hamiltonian"", ""relative_energy_floor"": 0.1, ""use_adam_preconditioning"": true, ""use_decoupled_weight_decay"": true, ""use_energy_correction"": true, ""use_friction"": true, ""weight_decay"": 0.001}",1.013734479745229,1.013734479745229,0.6814815004666647,0.6814815004666647,,,0.2993502916845803,0.002070431138765155,0.0,0.5800045309352035
tuning,overfit_small_wine,coherent_momentum_real_baseline,4,"{""adaptive_mass_trust"": 0.15, ""betas"": [0.9, 0.99], ""drift_threshold"": 0.035, ""energy_correction_strength"": 0.07, ""fixed_mass"": 0.75, ""friction"": 0.0, ""lr"": 0.02, ""mass_alignment_strength"": 0.0, ""mass_anisotropy_cap"": 1.8, ""mass_change_cap"": 1.03, ""mass_mode"": ""adaptive"", ""mass_shock_penalty"": 1.4, ""mass_smoothing"": 0.95, ""mass_warmup_steps"": 32, ""max_energy_correction"": 0.16, ""max_inverse_mass"": 1.25, ""min_inverse_mass"": 0.65, ""mode"": ""symplectic_euler"", ""relative_energy_floor"": 0.1, ""use_adam_preconditioning"": true, ""use_decoupled_weight_decay"": true, ""use_energy_correction"": true, ""use_friction"": true, ""weight_decay"": 0.001}",0.6339914798736572,0.6339914798736572,0.8888888955116272,0.8962963024775187,76.0,48.0,0.2984006666811183,0.026055356167799706,0.0,0.831594386681763
tuning,overfit_small_wine,adam,1,"{""lr"": 0.001, ""weight_decay"": 0.0}",0.09546328087647755,0.0953627626101176,0.970370372136434,0.9851851860682169,22.666666666666668,10.666666666666666,0.11009820833957444,0.11664833184101675,0.0,0.9698164932151544
tuning,overfit_small_wine,adam,2,"{""lr"": 0.0005, ""weight_decay"": 0.0}",0.22682630519072214,0.22682630519072214,0.9777777791023254,0.9777777791023254,41.333333333333336,18.666666666666668,0.11037304163134347,0.08322853964147696,0.0,0.9509337216011794
tuning,overfit_small_wine,adam,3,"{""lr"": 0.001, ""weight_decay"": 0.001}",0.0952602947751681,0.0952602947751681,0.970370372136434,0.9851851860682169,22.666666666666668,10.666666666666666,0.11196838905258726,0.11647979587566126,0.0,0.9698351667969171
tuning,overfit_small_wine,adam,4,"{""lr"": 0.001, ""weight_decay"": 0.0001}",0.09525770942370097,0.09521505733331044,0.970370372136434,0.9851851860682169,22.666666666666668,10.666666666666666,0.1114874583048125,0.11668531370299202,0.0,0.9698294146497363
tuning,overfit_small_wine,adamw,1,"{""lr"": 0.001, ""weight_decay"": 0.0001}",0.09546404083569844,0.0953636368115743,0.970370372136434,0.9851851860682169,22.666666666666668,10.666666666666666,0.11134823601848136,0.11664801342623589,0.0,0.9698164217157478
tuning,overfit_small_wine,adamw,2,"{""lr"": 0.0005, ""weight_decay"": 0.0001}",0.22682969272136688,0.22682969272136688,0.9777777791023254,0.9777777791023254,41.333333333333336,18.666666666666668,0.11228381931626548,0.0832276808338538,0.0,0.950933425788496
tuning,overfit_small_wine,adamw,3,"{""lr"": 0.0005, ""weight_decay"": 0.0}",0.22682630519072214,0.22682630519072214,0.9777777791023254,0.9777777791023254,41.333333333333336,18.666666666666668,0.11006394463280837,0.08322853964147696,0.0,0.9509337216011794
tuning,overfit_small_wine,adamw,4,"{""lr"": 0.001, ""weight_decay"": 0.001}",0.09547151997685432,0.09537190571427345,0.970370372136434,0.9851851860682169,22.666666666666668,10.666666666666666,0.11093126404254387,0.11664567460517371,0.0,0.969815711766531
tuning,overfit_small_wine,rmsprop,1,"{""alpha"": 0.99, ""lr"": 0.005, ""momentum"": 0.0, ""weight_decay"": 0.0}",0.14530672878026962,0.06475001325209935,0.970370372136434,0.9851851860682169,4.0,4.0,0.09967719429793458,0.06404470595958961,0.0,0.9755079494450275
tuning,overfit_small_wine,rmsprop,2,"{""alpha"": 0.95, ""lr"": 0.002, ""momentum"": 0.0, ""weight_decay"": 0.0001}",0.0944924106200536,0.07625162228941917,0.970370372136434,0.9777777791023254,4.0,4.0,0.10116111134023716,0.04594436792718378,0.0,0.9678553984770244
tuning,overfit_small_wine,rmsprop,3,"{""alpha"": 0.95, ""lr"": 0.01, ""momentum"": 0.0, ""weight_decay"": 0.0}",0.13904366518060365,0.06733198091387749,0.9777777791023254,0.9851851860682169,4.0,4.0,0.1008874859738474,0.05501627820171601,0.0,0.9757011740667435
tuning,overfit_small_wine,rmsprop,4,"{""alpha"": 0.99, ""lr"": 0.005, ""momentum"": 0.0, ""weight_decay"": 0.0001}",0.1544624719147881,0.07589730278899272,0.970370372136434,0.9777777791023254,4.0,4.0,0.10097218064280848,0.04280054074505357,0.0,0.9680480217861734
tuning,overfit_small_wine,sgd_momentum,1,"{""lr"": 0.03, ""momentum"": 0.9, ""nesterov"": false, ""weight_decay"": 0.0}",0.08968804993977149,0.07511274733891089,0.9777777791023254,0.9777777791023254,14.666666666666666,9.333333333333334,0.09152286100046088,0.11693557820474669,0.0,0.964419725458197
tuning,overfit_small_wine,sgd_momentum,2,"{""lr"": 0.03, ""momentum"": 0.85, ""nesterov"": false, ""weight_decay"": 0.0}",0.08674375899136066,0.07762753653029601,0.970370372136434,0.9851851860682169,14.666666666666666,9.333333333333334,0.09161397201629977,0.11872424381222642,0.0,0.971486220224576
tuning,overfit_small_wine,sgd_momentum,3,"{""lr"": 0.08, ""momentum"": 0.85, ""nesterov"": false, ""weight_decay"": 0.0}",0.1004710743824641,0.07900228599707286,0.9629629651705424,0.9851851860682169,8.0,4.0,0.0907948889459173,0.08127420528619103,0.0,0.9732212472042002
tuning,overfit_small_wine,sgd_momentum,4,"{""lr"": 0.015, ""momentum"": 0.85, ""nesterov"": false, ""weight_decay"": 0.001}",0.09630883236726125,0.0953657329082489,0.970370372136434,0.9777777791023254,22.666666666666668,12.0,0.09305440296884626,0.1362073794172801,0.0,0.9614308368406365
tuning,overfit_small_wine,lion,1,"{""lr"": 0.0005, ""weight_decay"": 0.0}",0.14767634371916452,0.14767634371916452,0.970370372136434,0.9851851860682169,34.666666666666664,14.666666666666666,0.09478579162775229,0.09967660757086307,0.0,0.9654337213177574
tuning,overfit_small_wine,lion,2,"{""lr"": 0.0005, ""weight_decay"": 0.001}",0.14768901964028677,0.14768901964028677,0.970370372136434,0.9851851860682169,34.666666666666664,14.666666666666666,0.0945064026939993,0.0996721662130452,0.0,0.965432675793536
tuning,overfit_small_wine,lion,3,"{""lr"": 0.001, ""weight_decay"": 0.0001}",0.1384999081492424,0.0803185651699702,0.970370372136434,0.9851851860682169,20.0,9.333333333333334,0.09437198634259403,0.12212630972719275,0.0,0.9710470140648603
tuning,overfit_small_wine,lion,4,"{""lr"": 0.001, ""weight_decay"": 0.001}",0.1384893705447515,0.08031344165404637,0.970370372136434,0.9851851860682169,20.0,9.333333333333334,0.09492312499787658,0.122125659997748,0.0,0.9710475589029249
tuning,overfit_small_wine,topological_adam,1,"{""deterministic_init"": true, ""eta"": 0.03, ""lr"": 0.001, ""max_topo_ratio"": 0.05, ""target_energy"": 0.001, ""w_topo"": 0.08}",0.09547757357358932,0.0953846996029218,0.970370372136434,0.9851851860682169,22.666666666666668,10.666666666666666,0.2813185693618531,0.11666061370957163,0.0,0.9698136854224462
tuning,overfit_small_wine,topological_adam,2,"{""deterministic_init"": true, ""eta"": 0.03, ""lr"": 0.0005, ""max_topo_ratio"": 0.1, ""target_energy"": 0.002, ""w_topo"": 0.08}",0.22683798770109811,0.22683798770109811,0.9777777791023254,0.9777777791023254,41.333333333333336,18.666666666666668,0.25042559765279293,0.08323034520374031,0.0,0.9509324630720286
tuning,overfit_small_wine,topological_adam,3,"{""deterministic_init"": true, ""eta"": 0.03, ""lr"": 0.0005, ""max_topo_ratio"": 0.02, ""target_energy"": 0.002, ""w_topo"": 0.08}",0.22682004670302072,0.22682004670302072,0.9777777791023254,0.9777777791023254,41.333333333333336,18.666666666666668,0.24920231969250986,0.08322893658891282,0.0,0.9509343276025777
tuning,overfit_small_wine,topological_adam,4,"{""deterministic_init"": true, ""eta"": 0.05, ""lr"": 0.001, ""max_topo_ratio"": 0.1, ""target_energy"": 0.001, ""w_topo"": 0.08}",0.09548091143369675,0.09538866331179936,0.970370372136434,0.9851851860682169,22.666666666666668,10.666666666666666,0.24906280532013625,0.11666082442611642,0.0,0.9698132785157312
